{"train/loss": 1.8932, "train/grad_norm": 1.24807608127594, "train/learning_rate": 0.000999980476498165, "train/epoch": 0.005619950825430277, "train/global_step": 4, "_timestamp": 1718219527.3581324, "_runtime": 139.10661435127258, "_step": 3}