{"train/loss": 2.084, "train/grad_norm": 0.36584731936454773, "train/learning_rate": 9.999962709314353e-05, "train/epoch": 0.0024587284861257463, "train/global_step": 7, "_timestamp": 1718220317.2429628, "_runtime": 114.06423878669739, "_step": 6, "_wandb": {"runtime": 115}}